"product_id","product_name","price","category_name","main_image_url","product_url","status","updated_at","is_deleted","display_yn","mall_id","description","keywords","image_tags"
"P001","검정 3단 자동 우산","8500","우산","https://placehold.co/640x640/111827/ffffff?text=P001","","active","2026-05-19T09:00:00Z","false","Y","","판촉용 접이식 자동 우산","검정;3단;자동;우산;판촉물","black;umbrella;folding"
"P002","고급 장우산","12000","우산","https://placehold.co/640x640/1f2937/ffffff?text=P002","","active","2026-05-19T09:00:00Z","false","Y","","고급 손잡이 장우산","장우산;고급;우산","umbrella;premium"
"P003","UV 차단 우산","9900","우산","https://placehold.co/640x640/0f766e/ffffff?text=P003","","active","2026-05-19T09:00:00Z","false","Y","","자외선 차단 판촉 우산","UV;차단;우산","umbrella;uv"
"P004","블랙 스텐 텀블러","13800","텀블러","https://placehold.co/640x640/111111/ffffff?text=P004","","active","2026-05-19T09:00:00Z","false","Y","","검은색 스테인리스 보온 텀블러","블랙;스텐;텀블러;보온","black;tumbler;stainless"
"P005","화이트 보온병","15500","텀블러","https://placehold.co/640x640/f8fafc/111827?text=P005","","active","2026-05-19T09:00:00Z","false","Y","","화이트 컬러 보온 보틀","화이트;보온병;보틀","white;tumbler;bottle"
"P006","점착 메모지 세트","3200","점착메모지","https://placehold.co/640x640/facc15/111827?text=P006","","active","2026-05-19T09:00:00Z","false","Y","","사무용 홍보 점착 메모지","점착;메모지;사무용","sticky;memo;paper"
"P007","방문형 점착메모","2900","점착메모지","https://placehold.co/640x640/fde68a/111827?text=P007","","active","2026-05-19T09:00:00Z","false","Y","","방문 판촉용 점착 메모","방문;점착메모;메모지","sticky;memo"
"P008","크리스탈 감사패","48000","상패","https://placehold.co/640x640/e0f2fe/111827?text=P008","","active","2026-05-19T09:00:00Z","false","Y","","투명 크리스탈 감사패 상패","크리스탈;감사패;상패","crystal;trophy"
"P009","유리 트로피","52000","상패","https://placehold.co/640x640/dbeafe/111827?text=P009","","active","2026-05-19T09:00:00Z","false","Y","","행사용 유리 트로피","유리;트로피;상패","glass;trophy"
"P010","고급 볼펜 세트","4200","볼펜","https://placehold.co/640x640/2563eb/ffffff?text=P010","","active","2026-05-19T09:00:00Z","false","Y","","기념품용 고급 볼펜","볼펜;펜;기념품","pen;blue"
"P011","친환경 에코백","6400","가방","https://placehold.co/640x640/84cc16/111827?text=P011","","active","2026-05-19T09:00:00Z","false","Y","","친환경 면 소재 장바구니","친환경;에코백;가방","bag;eco"
"P012","탁상 달력","3800","달력","https://placehold.co/640x640/f97316/ffffff?text=P012","","active","2026-05-19T09:00:00Z","false","Y","","사무실 판촉 탁상 캘린더","탁상;달력;캘린더","calendar;desk"
"P013","마우스패드","2100","마우스패드","https://placehold.co/640x640/7c3aed/ffffff?text=P013","","active","2026-05-19T09:00:00Z","false","Y","","인쇄 가능한 마우스패드","마우스패드;사무용","mousepad"
"P014","클리어화일","900","클리어화일","https://placehold.co/640x640/38bdf8/111827?text=P014","","active","2026-05-19T09:00:00Z","false","Y","","투명 클리어 파일","클리어화일;파일;문구","file;stationery"
"P015","비노출 우산 샘플","1000","우산","https://placehold.co/640x640/ef4444/ffffff?text=P015","","inactive","2026-05-19T09:00:00Z","false","N","","검색 제외 검증용 상품","우산;비노출","umbrella"
"P016","판촉용 컬러 우산","7300","우산","https://placehold.co/640x640/2563eb/ffffff?text=P016","","active","2026-05-19T09:00:00Z","false","Y","","가맹점 공통 판매용 컬러 우산","컬러;판촉;우산","umbrella;color"
"P017","접이식 미니 우산","6900","우산","https://placehold.co/640x640/f59e0b/111827?text=P017","","active","2026-05-19T09:00:00Z","false","Y","","휴대용 접이식 미니 우산","접이식;미니;우산","umbrella;folding"
"P018","판촉 자동 우산 1","7300","우산","https://placehold.co/640x640/2563eb/ffffff?text=P018","","active","2026-05-19T09:00:00Z","false","Y","","판촉 행사와 기업 기념품에 쓰는 우산 샘플 1","우산;판촉;자동;접이식","umbrella;folding;color"
"P019","스텐 보온 텀블러 1","11900","텀블러","https://placehold.co/640x640/111827/ffffff?text=P019","","active","2026-05-19T09:00:00Z","false","Y","","보온 보냉이 가능한 사무실 텀블러 샘플 1","텀블러;스텐;보온;보틀","tumbler;stainless;bottle"
"P020","고급 볼펜 세트 1","1900","볼펜","https://placehold.co/640x640/1d4ed8/ffffff?text=P020","","active","2026-05-19T09:00:00Z","false","Y","","로고 인쇄가 가능한 판촉용 필기구 샘플 1","볼펜;펜;판촉;기념품","pen;stationery"
"P021","호텔 수건 세트 1","4000","타올","https://placehold.co/640x640/f8fafc/ffffff?text=P021","","active","2026-05-19T09:00:00Z","false","Y","","행사 답례와 기업 선물용 타올 샘플 1","수건;타월;답례품;생활용품","towel;gift"
"P022","점착 메모지 세트 1","2300","점착메모지","https://placehold.co/640x640/facc15/ffffff?text=P022","","active","2026-05-19T09:00:00Z","false","Y","","사무실 홍보와 방문 선물용 메모지 샘플 1","점착;메모지;사무용;판촉","sticky;memo;paper"
"P023","크리스탈 감사패 1","36100","상패","https://placehold.co/640x640/dbeafe/ffffff?text=P023","","active","2026-05-19T09:00:00Z","false","Y","","시상식과 감사 행사에 쓰는 상패 샘플 1","상패;크리스탈;트로피;감사패","crystal;trophy;award"
"P024","탁상 달력 1","2700","달력","https://placehold.co/640x640/f97316/ffffff?text=P024","","active","2026-05-19T09:00:00Z","false","Y","","기업 홍보용 맞춤 제작 달력 샘플 1","달력;캘린더;탁상;홍보","calendar;desk"
"P025","친환경 에코백 1","4900","가방","https://placehold.co/640x640/84cc16/ffffff?text=P025","","active","2026-05-19T09:00:00Z","false","Y","","친환경 행사와 쇼핑용 가방 샘플 1","가방;에코백;파우치;친환경","bag;eco;pouch"
"P026","사무용 마우스패드 1","2000","마우스패드","https://placehold.co/640x640/7c3aed/ffffff?text=P026","","active","2026-05-19T09:00:00Z","false","Y","","로고 인쇄가 가능한 데스크 용품 샘플 1","마우스패드;장패드;사무용;인쇄","mousepad;desk"
"P027","휴대용 손소독제 1","3200","생활용품","https://placehold.co/640x640/0f766e/ffffff?text=P027","","active","2026-05-19T09:00:00Z","false","Y","","일상에서 쓰기 좋은 생활 판촉물 샘플 1","생활용품;판촉;휴대용;선물","lifestyle;gift"
"P028","UV 차단 장우산 2","7400","우산","https://placehold.co/640x640/2563eb/ffffff?text=P028","","active","2026-05-19T09:00:00Z","false","Y","","판촉 행사와 기업 기념품에 쓰는 우산 샘플 2","우산;판촉;자동;접이식","umbrella;folding;color"
"P029","블랙 진공 텀블러 2","12000","텀블러","https://placehold.co/640x640/111827/ffffff?text=P029","","active","2026-05-19T09:00:00Z","false","Y","","보온 보냉이 가능한 사무실 텀블러 샘플 2","텀블러;스텐;보온;보틀","tumbler;stainless;bottle"
"P030","금속 볼펜 2","2000","볼펜","https://placehold.co/640x640/1d4ed8/ffffff?text=P030","","active","2026-05-19T09:00:00Z","false","Y","","로고 인쇄가 가능한 판촉용 필기구 샘플 2","볼펜;펜;판촉;기념품","pen;stationery"
"P031","코마사 타월 2","4100","타올","https://placehold.co/640x640/f8fafc/ffffff?text=P031","","active","2026-05-19T09:00:00Z","false","Y","","행사 답례와 기업 선물용 타올 샘플 2","수건;타월;답례품;생활용품","towel;gift"
"P032","큐브 메모지 2","2400","점착메모지","https://placehold.co/640x640/facc15/ffffff?text=P032","","active","2026-05-19T09:00:00Z","false","Y","","사무실 홍보와 방문 선물용 메모지 샘플 2","점착;메모지;사무용;판촉","sticky;memo;paper"
"P033","유리 트로피 2","36200","상패","https://placehold.co/640x640/dbeafe/ffffff?text=P033","","active","2026-05-19T09:00:00Z","false","Y","","시상식과 감사 행사에 쓰는 상패 샘플 2","상패;크리스탈;트로피;감사패","crystal;trophy;award"
"P034","벽걸이 캘린더 2","2800","달력","https://placehold.co/640x640/f97316/ffffff?text=P034","","active","2026-05-19T09:00:00Z","false","Y","","기업 홍보용 맞춤 제작 달력 샘플 2","달력;캘린더;탁상;홍보","calendar;desk"
"P035","부직포 쇼핑백 2","5000","가방","https://placehold.co/640x640/84cc16/ffffff?text=P035","","active","2026-05-19T09:00:00Z","false","Y","","친환경 행사와 쇼핑용 가방 샘플 2","가방;에코백;파우치;친환경","bag;eco;pouch"
"P036","장패드 2","2100","마우스패드","https://placehold.co/640x640/7c3aed/ffffff?text=P036","","active","2026-05-19T09:00:00Z","false","Y","","로고 인쇄가 가능한 데스크 용품 샘플 2","마우스패드;장패드;사무용;인쇄","mousepad;desk"
"P037","칫솔 여행 세트 2","3300","생활용품","https://placehold.co/640x640/0f766e/ffffff?text=P037","","active","2026-05-19T09:00:00Z","false","Y","","일상에서 쓰기 좋은 생활 판촉물 샘플 2","생활용품;판촉;휴대용;선물","lifestyle;gift"
"P038","미니 접이식 우산 3","7500","우산","https://placehold.co/640x640/2563eb/ffffff?text=P038","","active","2026-05-19T09:00:00Z","false","Y","","판촉 행사와 기업 기념품에 쓰는 우산 샘플 3","우산;판촉;자동;접이식","umbrella;folding;color"
"P039","화이트 보틀 3","12100","텀블러","https://placehold.co/640x640/111827/ffffff?text=P039","","active","2026-05-19T09:00:00Z","false","Y","","보온 보냉이 가능한 사무실 텀블러 샘플 3","텀블러;스텐;보온;보틀","tumbler;stainless;bottle"
"P040","터치펜 겸용 볼펜 3","2100","볼펜","https://placehold.co/640x640/1d4ed8/ffffff?text=P040","","active","2026-05-19T09:00:00Z","false","Y","","로고 인쇄가 가능한 판촉용 필기구 샘플 3","볼펜;펜;판촉;기념품","pen;stationery"
"P041","답례품 타올 3","4200","타올","https://placehold.co/640x640/f8fafc/ffffff?text=P041","","active","2026-05-19T09:00:00Z","false","Y","","행사 답례와 기업 선물용 타올 샘플 3","수건;타월;답례품;생활용품","towel;gift"
"P042","인덱스 점착메모 3","2500","점착메모지","https://placehold.co/640x640/facc15/ffffff?text=P042","","active","2026-05-19T09:00:00Z","false","Y","","사무실 홍보와 방문 선물용 메모지 샘플 3","점착;메모지;사무용;판촉","sticky;memo;paper"
"P043","메탈 상패 3","36300","상패","https://placehold.co/640x640/dbeafe/ffffff?text=P043","","active","2026-05-19T09:00:00Z","false","Y","","시상식과 감사 행사에 쓰는 상패 샘플 3","상패;크리스탈;트로피;감사패","crystal;trophy;award"
"P044","미니 캘린더 3","2900","달력","https://placehold.co/640x640/f97316/ffffff?text=P044","","active","2026-05-19T09:00:00Z","false","Y","","기업 홍보용 맞춤 제작 달력 샘플 3","달력;캘린더;탁상;홍보","calendar;desk"
"P045","캔버스 파우치 3","5100","가방","https://placehold.co/640x640/84cc16/ffffff?text=P045","","active","2026-05-19T09:00:00Z","false","Y","","친환경 행사와 쇼핑용 가방 샘플 3","가방;에코백;파우치;친환경","bag;eco;pouch"
"P046","젤 손목 마우스패드 3","2200","마우스패드","https://placehold.co/640x640/7c3aed/ffffff?text=P046","","active","2026-05-19T09:00:00Z","false","Y","","로고 인쇄가 가능한 데스크 용품 샘플 3","마우스패드;장패드;사무용;인쇄","mousepad;desk"
"P047","다용도 파우치 3","3400","생활용품","https://placehold.co/640x640/0f766e/ffffff?text=P047","","active","2026-05-19T09:00:00Z","false","Y","","일상에서 쓰기 좋은 생활 판촉물 샘플 3","생활용품;판촉;휴대용;선물","lifestyle;gift"
"P048","컬러 3단 우산 4","7600","우산","https://placehold.co/640x640/2563eb/ffffff?text=P048","","active","2026-05-19T09:00:00Z","false","Y","","판촉 행사와 기업 기념품에 쓰는 우산 샘플 4","우산;판촉;자동;접이식","umbrella;folding;color"
"P049","손잡이 머그 텀블러 4","12200","텀블러","https://placehold.co/640x640/111827/ffffff?text=P049","","active","2026-05-19T09:00:00Z","false","Y","","보온 보냉이 가능한 사무실 텀블러 샘플 4","텀블러;스텐;보온;보틀","tumbler;stainless;bottle"
"P050","판촉용 컬러 볼펜 4","2200","볼펜","https://placehold.co/640x640/1d4ed8/ffffff?text=P050","","active","2026-05-19T09:00:00Z","false","Y","","로고 인쇄가 가능한 판촉용 필기구 샘플 4","볼펜;펜;판촉;기념품","pen;stationery"
"P051","스포츠 타월 4","4300","타올","https://placehold.co/640x640/f8fafc/ffffff?text=P051","","active","2026-05-19T09:00:00Z","false","Y","","행사 답례와 기업 선물용 타올 샘플 4","수건;타월;답례품;생활용품","towel;gift"
"P052","방문형 메모지 4","2600","점착메모지","https://placehold.co/640x640/facc15/ffffff?text=P052","","active","2026-05-19T09:00:00Z","false","Y","","사무실 홍보와 방문 선물용 메모지 샘플 4","점착;메모지;사무용;판촉","sticky;memo;paper"
"P053","기념패 4","36400","상패","https://placehold.co/640x640/dbeafe/ffffff?text=P053","","active","2026-05-19T09:00:00Z","false","Y","","시상식과 감사 행사에 쓰는 상패 샘플 4","상패;크리스탈;트로피;감사패","crystal;trophy;award"
"P054","스케줄 달력 4","3000","달력","https://placehold.co/640x640/f97316/ffffff?text=P054","","active","2026-05-19T09:00:00Z","false","Y","","기업 홍보용 맞춤 제작 달력 샘플 4","달력;캘린더;탁상;홍보","calendar;desk"
"P055","장바구니 가방 4","5200","가방","https://placehold.co/640x640/84cc16/ffffff?text=P055","","active","2026-05-19T09:00:00Z","false","Y","","친환경 행사와 쇼핑용 가방 샘플 4","가방;에코백;파우치;친환경","bag;eco;pouch"
"P056","인쇄 마우스패드 4","2300","마우스패드","https://placehold.co/640x640/7c3aed/ffffff?text=P056","","active","2026-05-19T09:00:00Z","false","Y","","로고 인쇄가 가능한 데스크 용품 샘플 4","마우스패드;장패드;사무용;인쇄","mousepad;desk"
"P057","미니 구급함 4","3500","생활용품","https://placehold.co/640x640/0f766e/ffffff?text=P057","","active","2026-05-19T09:00:00Z","false","Y","","일상에서 쓰기 좋은 생활 판촉물 샘플 4","생활용품;판촉;휴대용;선물","lifestyle;gift"
"P058","판촉 자동 우산 5","7700","우산","https://placehold.co/640x640/2563eb/ffffff?text=P058","","active","2026-05-19T09:00:00Z","false","Y","","판촉 행사와 기업 기념품에 쓰는 우산 샘플 5","우산;판촉;자동;접이식","umbrella;folding;color"
"P059","스텐 보온 텀블러 5","12300","텀블러","https://placehold.co/640x640/111827/ffffff?text=P059","","active","2026-05-19T09:00:00Z","false","Y","","보온 보냉이 가능한 사무실 텀블러 샘플 5","텀블러;스텐;보온;보틀","tumbler;stainless;bottle"
"P060","고급 볼펜 세트 5","2300","볼펜","https://placehold.co/640x640/1d4ed8/ffffff?text=P060","","active","2026-05-19T09:00:00Z","false","Y","","로고 인쇄가 가능한 판촉용 필기구 샘플 5","볼펜;펜;판촉;기념품","pen;stationery"
"P061","호텔 수건 세트 5","4400","타올","https://placehold.co/640x640/f8fafc/ffffff?text=P061","","active","2026-05-19T09:00:00Z","false","Y","","행사 답례와 기업 선물용 타올 샘플 5","수건;타월;답례품;생활용품","towel;gift"
"P062","점착 메모지 세트 5","2700","점착메모지","https://placehold.co/640x640/facc15/ffffff?text=P062","","active","2026-05-19T09:00:00Z","false","Y","","사무실 홍보와 방문 선물용 메모지 샘플 5","점착;메모지;사무용;판촉","sticky;memo;paper"
"P063","크리스탈 감사패 5","36500","상패","https://placehold.co/640x640/dbeafe/ffffff?text=P063","","active","2026-05-19T09:00:00Z","false","Y","","시상식과 감사 행사에 쓰는 상패 샘플 5","상패;크리스탈;트로피;감사패","crystal;trophy;award"
"P064","탁상 달력 5","3100","달력","https://placehold.co/640x640/f97316/ffffff?text=P064","","active","2026-05-19T09:00:00Z","false","Y","","기업 홍보용 맞춤 제작 달력 샘플 5","달력;캘린더;탁상;홍보","calendar;desk"
"P065","친환경 에코백 5","5300","가방","https://placehold.co/640x640/84cc16/ffffff?text=P065","","active","2026-05-19T09:00:00Z","false","Y","","친환경 행사와 쇼핑용 가방 샘플 5","가방;에코백;파우치;친환경","bag;eco;pouch"
"P066","사무용 마우스패드 5","2400","마우스패드","https://placehold.co/640x640/7c3aed/ffffff?text=P066","","active","2026-05-19T09:00:00Z","false","Y","","로고 인쇄가 가능한 데스크 용품 샘플 5","마우스패드;장패드;사무용;인쇄","mousepad;desk"
"P067","휴대용 손소독제 5","3600","생활용품","https://placehold.co/640x640/0f766e/ffffff?text=P067","","active","2026-05-19T09:00:00Z","false","Y","","일상에서 쓰기 좋은 생활 판촉물 샘플 5","생활용품;판촉;휴대용;선물","lifestyle;gift"
"P068","UV 차단 장우산 6","7800","우산","https://placehold.co/640x640/2563eb/ffffff?text=P068","","active","2026-05-19T09:00:00Z","false","Y","","판촉 행사와 기업 기념품에 쓰는 우산 샘플 6","우산;판촉;자동;접이식","umbrella;folding;color"
"P069","블랙 진공 텀블러 6","12400","텀블러","https://placehold.co/640x640/111827/ffffff?text=P069","","active","2026-05-19T09:00:00Z","false","Y","","보온 보냉이 가능한 사무실 텀블러 샘플 6","텀블러;스텐;보온;보틀","tumbler;stainless;bottle"
"P070","금속 볼펜 6","2400","볼펜","https://placehold.co/640x640/1d4ed8/ffffff?text=P070","","active","2026-05-19T09:00:00Z","false","Y","","로고 인쇄가 가능한 판촉용 필기구 샘플 6","볼펜;펜;판촉;기념품","pen;stationery"
"P071","코마사 타월 6","4500","타올","https://placehold.co/640x640/f8fafc/ffffff?text=P071","","active","2026-05-19T09:00:00Z","false","Y","","행사 답례와 기업 선물용 타올 샘플 6","수건;타월;답례품;생활용품","towel;gift"
"P072","큐브 메모지 6","2800","점착메모지","https://placehold.co/640x640/facc15/ffffff?text=P072","","active","2026-05-19T09:00:00Z","false","Y","","사무실 홍보와 방문 선물용 메모지 샘플 6","점착;메모지;사무용;판촉","sticky;memo;paper"
"P073","유리 트로피 6","36600","상패","https://placehold.co/640x640/dbeafe/ffffff?text=P073","","active","2026-05-19T09:00:00Z","false","Y","","시상식과 감사 행사에 쓰는 상패 샘플 6","상패;크리스탈;트로피;감사패","crystal;trophy;award"
"P074","벽걸이 캘린더 6","3200","달력","https://placehold.co/640x640/f97316/ffffff?text=P074","","active","2026-05-19T09:00:00Z","false","Y","","기업 홍보용 맞춤 제작 달력 샘플 6","달력;캘린더;탁상;홍보","calendar;desk"
"P075","부직포 쇼핑백 6","5400","가방","https://placehold.co/640x640/84cc16/ffffff?text=P075","","active","2026-05-19T09:00:00Z","false","Y","","친환경 행사와 쇼핑용 가방 샘플 6","가방;에코백;파우치;친환경","bag;eco;pouch"
"P076","장패드 6","2500","마우스패드","https://placehold.co/640x640/7c3aed/ffffff?text=P076","","active","2026-05-19T09:00:00Z","false","Y","","로고 인쇄가 가능한 데스크 용품 샘플 6","마우스패드;장패드;사무용;인쇄","mousepad;desk"
"P077","칫솔 여행 세트 6","3700","생활용품","https://placehold.co/640x640/0f766e/ffffff?text=P077","","active","2026-05-19T09:00:00Z","false","Y","","일상에서 쓰기 좋은 생활 판촉물 샘플 6","생활용품;판촉;휴대용;선물","lifestyle;gift"
"P078","미니 접이식 우산 7","7900","우산","https://placehold.co/640x640/2563eb/ffffff?text=P078","","active","2026-05-19T09:00:00Z","false","Y","","판촉 행사와 기업 기념품에 쓰는 우산 샘플 7","우산;판촉;자동;접이식","umbrella;folding;color"
"P079","화이트 보틀 7","12500","텀블러","https://placehold.co/640x640/111827/ffffff?text=P079","","active","2026-05-19T09:00:00Z","false","Y","","보온 보냉이 가능한 사무실 텀블러 샘플 7","텀블러;스텐;보온;보틀","tumbler;stainless;bottle"
"P080","터치펜 겸용 볼펜 7","2500","볼펜","https://placehold.co/640x640/1d4ed8/ffffff?text=P080","","active","2026-05-19T09:00:00Z","false","Y","","로고 인쇄가 가능한 판촉용 필기구 샘플 7","볼펜;펜;판촉;기념품","pen;stationery"
"P081","답례품 타올 7","4600","타올","https://placehold.co/640x640/f8fafc/ffffff?text=P081","","active","2026-05-19T09:00:00Z","false","Y","","행사 답례와 기업 선물용 타올 샘플 7","수건;타월;답례품;생활용품","towel;gift"
"P082","인덱스 점착메모 7","2900","점착메모지","https://placehold.co/640x640/facc15/ffffff?text=P082","","active","2026-05-19T09:00:00Z","false","Y","","사무실 홍보와 방문 선물용 메모지 샘플 7","점착;메모지;사무용;판촉","sticky;memo;paper"
"P083","메탈 상패 7","36700","상패","https://placehold.co/640x640/dbeafe/ffffff?text=P083","","active","2026-05-19T09:00:00Z","false","Y","","시상식과 감사 행사에 쓰는 상패 샘플 7","상패;크리스탈;트로피;감사패","crystal;trophy;award"
"P084","미니 캘린더 7","3300","달력","https://placehold.co/640x640/f97316/ffffff?text=P084","","active","2026-05-19T09:00:00Z","false","Y","","기업 홍보용 맞춤 제작 달력 샘플 7","달력;캘린더;탁상;홍보","calendar;desk"
"P085","캔버스 파우치 7","5500","가방","https://placehold.co/640x640/84cc16/ffffff?text=P085","","active","2026-05-19T09:00:00Z","false","Y","","친환경 행사와 쇼핑용 가방 샘플 7","가방;에코백;파우치;친환경","bag;eco;pouch"
"P086","젤 손목 마우스패드 7","2600","마우스패드","https://placehold.co/640x640/7c3aed/ffffff?text=P086","","active","2026-05-19T09:00:00Z","false","Y","","로고 인쇄가 가능한 데스크 용품 샘플 7","마우스패드;장패드;사무용;인쇄","mousepad;desk"
"P087","다용도 파우치 7","3800","생활용품","https://placehold.co/640x640/0f766e/ffffff?text=P087","","active","2026-05-19T09:00:00Z","false","Y","","일상에서 쓰기 좋은 생활 판촉물 샘플 7","생활용품;판촉;휴대용;선물","lifestyle;gift"
"P088","컬러 3단 우산 8","8000","우산","https://placehold.co/640x640/2563eb/ffffff?text=P088","","active","2026-05-19T09:00:00Z","false","Y","","판촉 행사와 기업 기념품에 쓰는 우산 샘플 8","우산;판촉;자동;접이식","umbrella;folding;color"
"P089","손잡이 머그 텀블러 8","12600","텀블러","https://placehold.co/640x640/111827/ffffff?text=P089","","active","2026-05-19T09:00:00Z","false","Y","","보온 보냉이 가능한 사무실 텀블러 샘플 8","텀블러;스텐;보온;보틀","tumbler;stainless;bottle"
"P090","판촉용 컬러 볼펜 8","2600","볼펜","https://placehold.co/640x640/1d4ed8/ffffff?text=P090","","active","2026-05-19T09:00:00Z","false","Y","","로고 인쇄가 가능한 판촉용 필기구 샘플 8","볼펜;펜;판촉;기념품","pen;stationery"
"P091","스포츠 타월 8","4700","타올","https://placehold.co/640x640/f8fafc/ffffff?text=P091","","active","2026-05-19T09:00:00Z","false","Y","","행사 답례와 기업 선물용 타올 샘플 8","수건;타월;답례품;생활용품","towel;gift"
"P092","방문형 메모지 8","3000","점착메모지","https://placehold.co/640x640/facc15/ffffff?text=P092","","active","2026-05-19T09:00:00Z","false","Y","","사무실 홍보와 방문 선물용 메모지 샘플 8","점착;메모지;사무용;판촉","sticky;memo;paper"
"P093","기념패 8","36800","상패","https://placehold.co/640x640/dbeafe/ffffff?text=P093","","active","2026-05-19T09:00:00Z","false","Y","","시상식과 감사 행사에 쓰는 상패 샘플 8","상패;크리스탈;트로피;감사패","crystal;trophy;award"
"P094","스케줄 달력 8","3400","달력","https://placehold.co/640x640/f97316/ffffff?text=P094","","active","2026-05-19T09:00:00Z","false","Y","","기업 홍보용 맞춤 제작 달력 샘플 8","달력;캘린더;탁상;홍보","calendar;desk"
"P095","장바구니 가방 8","5600","가방","https://placehold.co/640x640/84cc16/ffffff?text=P095","","active","2026-05-19T09:00:00Z","false","Y","","친환경 행사와 쇼핑용 가방 샘플 8","가방;에코백;파우치;친환경","bag;eco;pouch"
"P096","인쇄 마우스패드 8","2700","마우스패드","https://placehold.co/640x640/7c3aed/ffffff?text=P096","","active","2026-05-19T09:00:00Z","false","Y","","로고 인쇄가 가능한 데스크 용품 샘플 8","마우스패드;장패드;사무용;인쇄","mousepad;desk"
"P097","미니 구급함 8","3900","생활용품","https://placehold.co/640x640/0f766e/ffffff?text=P097","","active","2026-05-19T09:00:00Z","false","Y","","일상에서 쓰기 좋은 생활 판촉물 샘플 8","생활용품;판촉;휴대용;선물","lifestyle;gift"
"P098","판촉 자동 우산 9","7200","우산","https://placehold.co/640x640/2563eb/ffffff?text=P098","","active","2026-05-19T09:00:00Z","false","Y","","판촉 행사와 기업 기념품에 쓰는 우산 샘플 9","우산;판촉;자동;접이식","umbrella;folding;color"
"P099","스텐 보온 텀블러 9","11800","텀블러","https://placehold.co/640x640/111827/ffffff?text=P099","","active","2026-05-19T09:00:00Z","false","Y","","보온 보냉이 가능한 사무실 텀블러 샘플 9","텀블러;스텐;보온;보틀","tumbler;stainless;bottle"
"P100","고급 볼펜 세트 9","1800","볼펜","https://placehold.co/640x640/1d4ed8/ffffff?text=P100","","active","2026-05-19T09:00:00Z","false","Y","","로고 인쇄가 가능한 판촉용 필기구 샘플 9","볼펜;펜;판촉;기념품","pen;stationery"
"P101","호텔 수건 세트 9","3900","타올","https://placehold.co/640x640/f8fafc/ffffff?text=P101","","active","2026-05-19T09:00:00Z","false","Y","","행사 답례와 기업 선물용 타올 샘플 9","수건;타월;답례품;생활용품","towel;gift"
"P102","점착 메모지 세트 9","2200","점착메모지","https://placehold.co/640x640/facc15/ffffff?text=P102","","active","2026-05-19T09:00:00Z","false","Y","","사무실 홍보와 방문 선물용 메모지 샘플 9","점착;메모지;사무용;판촉","sticky;memo;paper"
"P103","크리스탈 감사패 9","36000","상패","https://placehold.co/640x640/dbeafe/ffffff?text=P103","","active","2026-05-19T09:00:00Z","false","Y","","시상식과 감사 행사에 쓰는 상패 샘플 9","상패;크리스탈;트로피;감사패","crystal;trophy;award"
"P104","탁상 달력 9","2600","달력","https://placehold.co/640x640/f97316/ffffff?text=P104","","active","2026-05-19T09:00:00Z","false","Y","","기업 홍보용 맞춤 제작 달력 샘플 9","달력;캘린더;탁상;홍보","calendar;desk"
"P105","친환경 에코백 9","4800","가방","https://placehold.co/640x640/84cc16/ffffff?text=P105","","active","2026-05-19T09:00:00Z","false","Y","","친환경 행사와 쇼핑용 가방 샘플 9","가방;에코백;파우치;친환경","bag;eco;pouch"
"P106","사무용 마우스패드 9","1900","마우스패드","https://placehold.co/640x640/7c3aed/ffffff?text=P106","","active","2026-05-19T09:00:00Z","false","Y","","로고 인쇄가 가능한 데스크 용품 샘플 9","마우스패드;장패드;사무용;인쇄","mousepad;desk"
"P107","휴대용 손소독제 9","3100","생활용품","https://placehold.co/640x640/0f766e/ffffff?text=P107","","active","2026-05-19T09:00:00Z","false","Y","","일상에서 쓰기 좋은 생활 판촉물 샘플 9","생활용품;판촉;휴대용;선물","lifestyle;gift"
"P108","UV 차단 장우산 10","7300","우산","https://placehold.co/640x640/2563eb/ffffff?text=P108","","active","2026-05-19T09:00:00Z","false","Y","","판촉 행사와 기업 기념품에 쓰는 우산 샘플 10","우산;판촉;자동;접이식","umbrella;folding;color"
"P109","블랙 진공 텀블러 10","11900","텀블러","https://placehold.co/640x640/111827/ffffff?text=P109","","active","2026-05-19T09:00:00Z","false","Y","","보온 보냉이 가능한 사무실 텀블러 샘플 10","텀블러;스텐;보온;보틀","tumbler;stainless;bottle"
"P110","금속 볼펜 10","1900","볼펜","https://placehold.co/640x640/1d4ed8/ffffff?text=P110","","active","2026-05-19T09:00:00Z","false","Y","","로고 인쇄가 가능한 판촉용 필기구 샘플 10","볼펜;펜;판촉;기념품","pen;stationery"
"P111","코마사 타월 10","4000","타올","https://placehold.co/640x640/f8fafc/ffffff?text=P111","","active","2026-05-19T09:00:00Z","false","Y","","행사 답례와 기업 선물용 타올 샘플 10","수건;타월;답례품;생활용품","towel;gift"
"P112","큐브 메모지 10","2300","점착메모지","https://placehold.co/640x640/facc15/ffffff?text=P112","","active","2026-05-19T09:00:00Z","false","Y","","사무실 홍보와 방문 선물용 메모지 샘플 10","점착;메모지;사무용;판촉","sticky;memo;paper"
"P113","유리 트로피 10","36100","상패","https://placehold.co/640x640/dbeafe/ffffff?text=P113","","active","2026-05-19T09:00:00Z","false","Y","","시상식과 감사 행사에 쓰는 상패 샘플 10","상패;크리스탈;트로피;감사패","crystal;trophy;award"
"P114","벽걸이 캘린더 10","2700","달력","https://placehold.co/640x640/f97316/ffffff?text=P114","","active","2026-05-19T09:00:00Z","false","Y","","기업 홍보용 맞춤 제작 달력 샘플 10","달력;캘린더;탁상;홍보","calendar;desk"
"P115","부직포 쇼핑백 10","4900","가방","https://placehold.co/640x640/84cc16/ffffff?text=P115","","active","2026-05-19T09:00:00Z","false","Y","","친환경 행사와 쇼핑용 가방 샘플 10","가방;에코백;파우치;친환경","bag;eco;pouch"
"P116","장패드 10","2000","마우스패드","https://placehold.co/640x640/7c3aed/ffffff?text=P116","","active","2026-05-19T09:00:00Z","false","Y","","로고 인쇄가 가능한 데스크 용품 샘플 10","마우스패드;장패드;사무용;인쇄","mousepad;desk"
"P117","칫솔 여행 세트 10","3200","생활용품","https://placehold.co/640x640/0f766e/ffffff?text=P117","","active","2026-05-19T09:00:00Z","false","Y","","일상에서 쓰기 좋은 생활 판촉물 샘플 10","생활용품;판촉;휴대용;선물","lifestyle;gift"
"P118","미니 접이식 우산 11","7400","우산","https://placehold.co/640x640/2563eb/ffffff?text=P118","","active","2026-05-19T09:00:00Z","false","Y","","판촉 행사와 기업 기념품에 쓰는 우산 샘플 11","우산;판촉;자동;접이식","umbrella;folding;color"
"P119","화이트 보틀 11","12000","텀블러","https://placehold.co/640x640/111827/ffffff?text=P119","","active","2026-05-19T09:00:00Z","false","Y","","보온 보냉이 가능한 사무실 텀블러 샘플 11","텀블러;스텐;보온;보틀","tumbler;stainless;bottle"
"P120","터치펜 겸용 볼펜 11","2000","볼펜","https://placehold.co/640x640/1d4ed8/ffffff?text=P120","","active","2026-05-19T09:00:00Z","false","Y","","로고 인쇄가 가능한 판촉용 필기구 샘플 11","볼펜;펜;판촉;기념품","pen;stationery"
"P121","답례품 타올 11","4100","타올","https://placehold.co/640x640/f8fafc/ffffff?text=P121","","active","2026-05-19T09:00:00Z","false","Y","","행사 답례와 기업 선물용 타올 샘플 11","수건;타월;답례품;생활용품","towel;gift"
"P122","인덱스 점착메모 11","2400","점착메모지","https://placehold.co/640x640/facc15/ffffff?text=P122","","active","2026-05-19T09:00:00Z","false","Y","","사무실 홍보와 방문 선물용 메모지 샘플 11","점착;메모지;사무용;판촉","sticky;memo;paper"
"P123","메탈 상패 11","36200","상패","https://placehold.co/640x640/dbeafe/ffffff?text=P123","","active","2026-05-19T09:00:00Z","false","Y","","시상식과 감사 행사에 쓰는 상패 샘플 11","상패;크리스탈;트로피;감사패","crystal;trophy;award"
"P124","미니 캘린더 11","2800","달력","https://placehold.co/640x640/f97316/ffffff?text=P124","","active","2026-05-19T09:00:00Z","false","Y","","기업 홍보용 맞춤 제작 달력 샘플 11","달력;캘린더;탁상;홍보","calendar;desk"
"P125","캔버스 파우치 11","5000","가방","https://placehold.co/640x640/84cc16/ffffff?text=P125","","active","2026-05-19T09:00:00Z","false","Y","","친환경 행사와 쇼핑용 가방 샘플 11","가방;에코백;파우치;친환경","bag;eco;pouch"
"P126","젤 손목 마우스패드 11","2100","마우스패드","https://placehold.co/640x640/7c3aed/ffffff?text=P126","","active","2026-05-19T09:00:00Z","false","Y","","로고 인쇄가 가능한 데스크 용품 샘플 11","마우스패드;장패드;사무용;인쇄","mousepad;desk"
"P127","다용도 파우치 11","3300","생활용품","https://placehold.co/640x640/0f766e/ffffff?text=P127","","active","2026-05-19T09:00:00Z","false","Y","","일상에서 쓰기 좋은 생활 판촉물 샘플 11","생활용품;판촉;휴대용;선물","lifestyle;gift"
"P128","컬러 3단 우산 12","7500","우산","https://placehold.co/640x640/2563eb/ffffff?text=P128","","active","2026-05-19T09:00:00Z","false","Y","","판촉 행사와 기업 기념품에 쓰는 우산 샘플 12","우산;판촉;자동;접이식","umbrella;folding;color"
"P129","손잡이 머그 텀블러 12","12100","텀블러","https://placehold.co/640x640/111827/ffffff?text=P129","","active","2026-05-19T09:00:00Z","false","Y","","보온 보냉이 가능한 사무실 텀블러 샘플 12","텀블러;스텐;보온;보틀","tumbler;stainless;bottle"
"P130","판촉용 컬러 볼펜 12","2100","볼펜","https://placehold.co/640x640/1d4ed8/ffffff?text=P130","","active","2026-05-19T09:00:00Z","false","Y","","로고 인쇄가 가능한 판촉용 필기구 샘플 12","볼펜;펜;판촉;기념품","pen;stationery"
"P131","스포츠 타월 12","4200","타올","https://placehold.co/640x640/f8fafc/ffffff?text=P131","","active","2026-05-19T09:00:00Z","false","Y","","행사 답례와 기업 선물용 타올 샘플 12","수건;타월;답례품;생활용품","towel;gift"
"P132","방문형 메모지 12","2500","점착메모지","https://placehold.co/640x640/facc15/ffffff?text=P132","","active","2026-05-19T09:00:00Z","false","Y","","사무실 홍보와 방문 선물용 메모지 샘플 12","점착;메모지;사무용;판촉","sticky;memo;paper"
"P133","기념패 12","36300","상패","https://placehold.co/640x640/dbeafe/ffffff?text=P133","","active","2026-05-19T09:00:00Z","false","Y","","시상식과 감사 행사에 쓰는 상패 샘플 12","상패;크리스탈;트로피;감사패","crystal;trophy;award"
"P134","스케줄 달력 12","2900","달력","https://placehold.co/640x640/f97316/ffffff?text=P134","","active","2026-05-19T09:00:00Z","false","Y","","기업 홍보용 맞춤 제작 달력 샘플 12","달력;캘린더;탁상;홍보","calendar;desk"
"P135","장바구니 가방 12","5100","가방","https://placehold.co/640x640/84cc16/ffffff?text=P135","","active","2026-05-19T09:00:00Z","false","Y","","친환경 행사와 쇼핑용 가방 샘플 12","가방;에코백;파우치;친환경","bag;eco;pouch"
"P136","인쇄 마우스패드 12","2200","마우스패드","https://placehold.co/640x640/7c3aed/ffffff?text=P136","","active","2026-05-19T09:00:00Z","false","Y","","로고 인쇄가 가능한 데스크 용품 샘플 12","마우스패드;장패드;사무용;인쇄","mousepad;desk"
"P137","미니 구급함 12","3400","생활용품","https://placehold.co/640x640/0f766e/ffffff?text=P137","","active","2026-05-19T09:00:00Z","false","Y","","일상에서 쓰기 좋은 생활 판촉물 샘플 12","생활용품;판촉;휴대용;선물","lifestyle;gift"
"P138","판촉 자동 우산 13","7600","우산","https://placehold.co/640x640/2563eb/ffffff?text=P138","","active","2026-05-19T09:00:00Z","false","Y","","판촉 행사와 기업 기념품에 쓰는 우산 샘플 13","우산;판촉;자동;접이식","umbrella;folding;color"
"P139","스텐 보온 텀블러 13","12200","텀블러","https://placehold.co/640x640/111827/ffffff?text=P139","","active","2026-05-19T09:00:00Z","false","Y","","보온 보냉이 가능한 사무실 텀블러 샘플 13","텀블러;스텐;보온;보틀","tumbler;stainless;bottle"
"P140","고급 볼펜 세트 13","2200","볼펜","https://placehold.co/640x640/1d4ed8/ffffff?text=P140","","active","2026-05-19T09:00:00Z","false","Y","","로고 인쇄가 가능한 판촉용 필기구 샘플 13","볼펜;펜;판촉;기념품","pen;stationery"
"P141","호텔 수건 세트 13","4300","타올","https://placehold.co/640x640/f8fafc/ffffff?text=P141","","active","2026-05-19T09:00:00Z","false","Y","","행사 답례와 기업 선물용 타올 샘플 13","수건;타월;답례품;생활용품","towel;gift"
"P142","점착 메모지 세트 13","2600","점착메모지","https://placehold.co/640x640/facc15/ffffff?text=P142","","active","2026-05-19T09:00:00Z","false","Y","","사무실 홍보와 방문 선물용 메모지 샘플 13","점착;메모지;사무용;판촉","sticky;memo;paper"
"P143","크리스탈 감사패 13","36400","상패","https://placehold.co/640x640/dbeafe/ffffff?text=P143","","active","2026-05-19T09:00:00Z","false","Y","","시상식과 감사 행사에 쓰는 상패 샘플 13","상패;크리스탈;트로피;감사패","crystal;trophy;award"
"P144","탁상 달력 13","3000","달력","https://placehold.co/640x640/f97316/ffffff?text=P144","","active","2026-05-19T09:00:00Z","false","Y","","기업 홍보용 맞춤 제작 달력 샘플 13","달력;캘린더;탁상;홍보","calendar;desk"
"P145","친환경 에코백 13","5200","가방","https://placehold.co/640x640/84cc16/ffffff?text=P145","","active","2026-05-19T09:00:00Z","false","Y","","친환경 행사와 쇼핑용 가방 샘플 13","가방;에코백;파우치;친환경","bag;eco;pouch"
"P146","사무용 마우스패드 13","2300","마우스패드","https://placehold.co/640x640/7c3aed/ffffff?text=P146","","active","2026-05-19T09:00:00Z","false","Y","","로고 인쇄가 가능한 데스크 용품 샘플 13","마우스패드;장패드;사무용;인쇄","mousepad;desk"
"P147","휴대용 손소독제 13","3500","생활용품","https://placehold.co/640x640/0f766e/ffffff?text=P147","","active","2026-05-19T09:00:00Z","false","Y","","일상에서 쓰기 좋은 생활 판촉물 샘플 13","생활용품;판촉;휴대용;선물","lifestyle;gift"
"P148","UV 차단 장우산 14","7700","우산","https://placehold.co/640x640/2563eb/ffffff?text=P148","","active","2026-05-19T09:00:00Z","false","Y","","판촉 행사와 기업 기념품에 쓰는 우산 샘플 14","우산;판촉;자동;접이식","umbrella;folding;color"
"P149","블랙 진공 텀블러 14","12300","텀블러","https://placehold.co/640x640/111827/ffffff?text=P149","","active","2026-05-19T09:00:00Z","false","Y","","보온 보냉이 가능한 사무실 텀블러 샘플 14","텀블러;스텐;보온;보틀","tumbler;stainless;bottle"
"P150","금속 볼펜 14","2300","볼펜","https://placehold.co/640x640/1d4ed8/ffffff?text=P150","","active","2026-05-19T09:00:00Z","false","Y","","로고 인쇄가 가능한 판촉용 필기구 샘플 14","볼펜;펜;판촉;기념품","pen;stationery"
"P151","코마사 타월 14","4400","타올","https://placehold.co/640x640/f8fafc/ffffff?text=P151","","active","2026-05-19T09:00:00Z","false","Y","","행사 답례와 기업 선물용 타올 샘플 14","수건;타월;답례품;생활용품","towel;gift"
"P152","큐브 메모지 14","2700","점착메모지","https://placehold.co/640x640/facc15/ffffff?text=P152","","active","2026-05-19T09:00:00Z","false","Y","","사무실 홍보와 방문 선물용 메모지 샘플 14","점착;메모지;사무용;판촉","sticky;memo;paper"
"P153","유리 트로피 14","36500","상패","https://placehold.co/640x640/dbeafe/ffffff?text=P153","","active","2026-05-19T09:00:00Z","false","Y","","시상식과 감사 행사에 쓰는 상패 샘플 14","상패;크리스탈;트로피;감사패","crystal;trophy;award"
"P154","벽걸이 캘린더 14","3100","달력","https://placehold.co/640x640/f97316/ffffff?text=P154","","active","2026-05-19T09:00:00Z","false","Y","","기업 홍보용 맞춤 제작 달력 샘플 14","달력;캘린더;탁상;홍보","calendar;desk"
"P155","부직포 쇼핑백 14","5300","가방","https://placehold.co/640x640/84cc16/ffffff?text=P155","","active","2026-05-19T09:00:00Z","false","Y","","친환경 행사와 쇼핑용 가방 샘플 14","가방;에코백;파우치;친환경","bag;eco;pouch"
"P156","장패드 14","2400","마우스패드","https://placehold.co/640x640/7c3aed/ffffff?text=P156","","active","2026-05-19T09:00:00Z","false","Y","","로고 인쇄가 가능한 데스크 용품 샘플 14","마우스패드;장패드;사무용;인쇄","mousepad;desk"
"P157","칫솔 여행 세트 14","3600","생활용품","https://placehold.co/640x640/0f766e/ffffff?text=P157","","active","2026-05-19T09:00:00Z","false","Y","","일상에서 쓰기 좋은 생활 판촉물 샘플 14","생활용품;판촉;휴대용;선물","lifestyle;gift"
"P158","미니 접이식 우산 15","7800","우산","https://placehold.co/640x640/2563eb/ffffff?text=P158","","active","2026-05-19T09:00:00Z","false","Y","","판촉 행사와 기업 기념품에 쓰는 우산 샘플 15","우산;판촉;자동;접이식","umbrella;folding;color"
"P159","화이트 보틀 15","12400","텀블러","https://placehold.co/640x640/111827/ffffff?text=P159","","active","2026-05-19T09:00:00Z","false","Y","","보온 보냉이 가능한 사무실 텀블러 샘플 15","텀블러;스텐;보온;보틀","tumbler;stainless;bottle"
"P160","터치펜 겸용 볼펜 15","2400","볼펜","https://placehold.co/640x640/1d4ed8/ffffff?text=P160","","active","2026-05-19T09:00:00Z","false","Y","","로고 인쇄가 가능한 판촉용 필기구 샘플 15","볼펜;펜;판촉;기념품","pen;stationery"
"P161","답례품 타올 15","4500","타올","https://placehold.co/640x640/f8fafc/ffffff?text=P161","","active","2026-05-19T09:00:00Z","false","Y","","행사 답례와 기업 선물용 타올 샘플 15","수건;타월;답례품;생활용품","towel;gift"
"P162","인덱스 점착메모 15","2800","점착메모지","https://placehold.co/640x640/facc15/ffffff?text=P162","","active","2026-05-19T09:00:00Z","false","Y","","사무실 홍보와 방문 선물용 메모지 샘플 15","점착;메모지;사무용;판촉","sticky;memo;paper"
"P163","메탈 상패 15","36600","상패","https://placehold.co/640x640/dbeafe/ffffff?text=P163","","active","2026-05-19T09:00:00Z","false","Y","","시상식과 감사 행사에 쓰는 상패 샘플 15","상패;크리스탈;트로피;감사패","crystal;trophy;award"
"P164","미니 캘린더 15","3200","달력","https://placehold.co/640x640/f97316/ffffff?text=P164","","active","2026-05-19T09:00:00Z","false","Y","","기업 홍보용 맞춤 제작 달력 샘플 15","달력;캘린더;탁상;홍보","calendar;desk"
"P165","캔버스 파우치 15","5400","가방","https://placehold.co/640x640/84cc16/ffffff?text=P165","","active","2026-05-19T09:00:00Z","false","Y","","친환경 행사와 쇼핑용 가방 샘플 15","가방;에코백;파우치;친환경","bag;eco;pouch"
"P166","젤 손목 마우스패드 15","2500","마우스패드","https://placehold.co/640x640/7c3aed/ffffff?text=P166","","active","2026-05-19T09:00:00Z","false","Y","","로고 인쇄가 가능한 데스크 용품 샘플 15","마우스패드;장패드;사무용;인쇄","mousepad;desk"
"P167","다용도 파우치 15","3700","생활용품","https://placehold.co/640x640/0f766e/ffffff?text=P167","","active","2026-05-19T09:00:00Z","false","Y","","일상에서 쓰기 좋은 생활 판촉물 샘플 15","생활용품;판촉;휴대용;선물","lifestyle;gift"
"P168","컬러 3단 우산 16","7900","우산","https://placehold.co/640x640/2563eb/ffffff?text=P168","","active","2026-05-19T09:00:00Z","false","Y","","판촉 행사와 기업 기념품에 쓰는 우산 샘플 16","우산;판촉;자동;접이식","umbrella;folding;color"
"P169","손잡이 머그 텀블러 16","12500","텀블러","https://placehold.co/640x640/111827/ffffff?text=P169","","active","2026-05-19T09:00:00Z","false","Y","","보온 보냉이 가능한 사무실 텀블러 샘플 16","텀블러;스텐;보온;보틀","tumbler;stainless;bottle"
"P170","판촉용 컬러 볼펜 16","2500","볼펜","https://placehold.co/640x640/1d4ed8/ffffff?text=P170","","active","2026-05-19T09:00:00Z","false","Y","","로고 인쇄가 가능한 판촉용 필기구 샘플 16","볼펜;펜;판촉;기념품","pen;stationery"
"P171","스포츠 타월 16","4600","타올","https://placehold.co/640x640/f8fafc/ffffff?text=P171","","active","2026-05-19T09:00:00Z","false","Y","","행사 답례와 기업 선물용 타올 샘플 16","수건;타월;답례품;생활용품","towel;gift"
"P172","방문형 메모지 16","2900","점착메모지","https://placehold.co/640x640/facc15/ffffff?text=P172","","active","2026-05-19T09:00:00Z","false","Y","","사무실 홍보와 방문 선물용 메모지 샘플 16","점착;메모지;사무용;판촉","sticky;memo;paper"
"P173","기념패 16","36700","상패","https://placehold.co/640x640/dbeafe/ffffff?text=P173","","active","2026-05-19T09:00:00Z","false","Y","","시상식과 감사 행사에 쓰는 상패 샘플 16","상패;크리스탈;트로피;감사패","crystal;trophy;award"
"P174","스케줄 달력 16","3300","달력","https://placehold.co/640x640/f97316/ffffff?text=P174","","active","2026-05-19T09:00:00Z","false","Y","","기업 홍보용 맞춤 제작 달력 샘플 16","달력;캘린더;탁상;홍보","calendar;desk"
"P175","장바구니 가방 16","5500","가방","https://placehold.co/640x640/84cc16/ffffff?text=P175","","active","2026-05-19T09:00:00Z","false","Y","","친환경 행사와 쇼핑용 가방 샘플 16","가방;에코백;파우치;친환경","bag;eco;pouch"
"P176","인쇄 마우스패드 16","2600","마우스패드","https://placehold.co/640x640/7c3aed/ffffff?text=P176","","active","2026-05-19T09:00:00Z","false","Y","","로고 인쇄가 가능한 데스크 용품 샘플 16","마우스패드;장패드;사무용;인쇄","mousepad;desk"
"P177","미니 구급함 16","3800","생활용품","https://placehold.co/640x640/0f766e/ffffff?text=P177","","active","2026-05-19T09:00:00Z","false","Y","","일상에서 쓰기 좋은 생활 판촉물 샘플 16","생활용품;판촉;휴대용;선물","lifestyle;gift"
"P178","판촉 자동 우산 17","8000","우산","https://placehold.co/640x640/2563eb/ffffff?text=P178","","active","2026-05-19T09:00:00Z","false","Y","","판촉 행사와 기업 기념품에 쓰는 우산 샘플 17","우산;판촉;자동;접이식","umbrella;folding;color"
"P179","스텐 보온 텀블러 17","12600","텀블러","https://placehold.co/640x640/111827/ffffff?text=P179","","active","2026-05-19T09:00:00Z","false","Y","","보온 보냉이 가능한 사무실 텀블러 샘플 17","텀블러;스텐;보온;보틀","tumbler;stainless;bottle"
"P180","고급 볼펜 세트 17","2600","볼펜","https://placehold.co/640x640/1d4ed8/ffffff?text=P180","","active","2026-05-19T09:00:00Z","false","Y","","로고 인쇄가 가능한 판촉용 필기구 샘플 17","볼펜;펜;판촉;기념품","pen;stationery"
"P181","호텔 수건 세트 17","4700","타올","https://placehold.co/640x640/f8fafc/ffffff?text=P181","","active","2026-05-19T09:00:00Z","false","Y","","행사 답례와 기업 선물용 타올 샘플 17","수건;타월;답례품;생활용품","towel;gift"
"P182","점착 메모지 세트 17","3000","점착메모지","https://placehold.co/640x640/facc15/ffffff?text=P182","","active","2026-05-19T09:00:00Z","false","Y","","사무실 홍보와 방문 선물용 메모지 샘플 17","점착;메모지;사무용;판촉","sticky;memo;paper"
"P183","크리스탈 감사패 17","36800","상패","https://placehold.co/640x640/dbeafe/ffffff?text=P183","","active","2026-05-19T09:00:00Z","false","Y","","시상식과 감사 행사에 쓰는 상패 샘플 17","상패;크리스탈;트로피;감사패","crystal;trophy;award"
"P184","탁상 달력 17","3400","달력","https://placehold.co/640x640/f97316/ffffff?text=P184","","active","2026-05-19T09:00:00Z","false","Y","","기업 홍보용 맞춤 제작 달력 샘플 17","달력;캘린더;탁상;홍보","calendar;desk"
"P185","친환경 에코백 17","5600","가방","https://placehold.co/640x640/84cc16/ffffff?text=P185","","active","2026-05-19T09:00:00Z","false","Y","","친환경 행사와 쇼핑용 가방 샘플 17","가방;에코백;파우치;친환경","bag;eco;pouch"
"P186","사무용 마우스패드 17","2700","마우스패드","https://placehold.co/640x640/7c3aed/ffffff?text=P186","","active","2026-05-19T09:00:00Z","false","Y","","로고 인쇄가 가능한 데스크 용품 샘플 17","마우스패드;장패드;사무용;인쇄","mousepad;desk"
"P187","휴대용 손소독제 17","3900","생활용품","https://placehold.co/640x640/0f766e/ffffff?text=P187","","active","2026-05-19T09:00:00Z","false","Y","","일상에서 쓰기 좋은 생활 판촉물 샘플 17","생활용품;판촉;휴대용;선물","lifestyle;gift"
"P188","UV 차단 장우산 18","7200","우산","https://placehold.co/640x640/2563eb/ffffff?text=P188","","active","2026-05-19T09:00:00Z","false","Y","","판촉 행사와 기업 기념품에 쓰는 우산 샘플 18","우산;판촉;자동;접이식","umbrella;folding;color"
"P189","블랙 진공 텀블러 18","11800","텀블러","https://placehold.co/640x640/111827/ffffff?text=P189","","active","2026-05-19T09:00:00Z","false","Y","","보온 보냉이 가능한 사무실 텀블러 샘플 18","텀블러;스텐;보온;보틀","tumbler;stainless;bottle"
"P190","금속 볼펜 18","1800","볼펜","https://placehold.co/640x640/1d4ed8/ffffff?text=P190","","active","2026-05-19T09:00:00Z","false","Y","","로고 인쇄가 가능한 판촉용 필기구 샘플 18","볼펜;펜;판촉;기념품","pen;stationery"
"P191","코마사 타월 18","3900","타올","https://placehold.co/640x640/f8fafc/ffffff?text=P191","","active","2026-05-19T09:00:00Z","false","Y","","행사 답례와 기업 선물용 타올 샘플 18","수건;타월;답례품;생활용품","towel;gift"
"P192","큐브 메모지 18","2200","점착메모지","https://placehold.co/640x640/facc15/ffffff?text=P192","","active","2026-05-19T09:00:00Z","false","Y","","사무실 홍보와 방문 선물용 메모지 샘플 18","점착;메모지;사무용;판촉","sticky;memo;paper"
"P193","유리 트로피 18","36000","상패","https://placehold.co/640x640/dbeafe/ffffff?text=P193","","active","2026-05-19T09:00:00Z","false","Y","","시상식과 감사 행사에 쓰는 상패 샘플 18","상패;크리스탈;트로피;감사패","crystal;trophy;award"
"P194","벽걸이 캘린더 18","2600","달력","https://placehold.co/640x640/f97316/ffffff?text=P194","","active","2026-05-19T09:00:00Z","false","Y","","기업 홍보용 맞춤 제작 달력 샘플 18","달력;캘린더;탁상;홍보","calendar;desk"
"P195","부직포 쇼핑백 18","4800","가방","https://placehold.co/640x640/84cc16/ffffff?text=P195","","active","2026-05-19T09:00:00Z","false","Y","","친환경 행사와 쇼핑용 가방 샘플 18","가방;에코백;파우치;친환경","bag;eco;pouch"
"P196","장패드 18","1900","마우스패드","https://placehold.co/640x640/7c3aed/ffffff?text=P196","","active","2026-05-19T09:00:00Z","false","Y","","로고 인쇄가 가능한 데스크 용품 샘플 18","마우스패드;장패드;사무용;인쇄","mousepad;desk"
"P197","칫솔 여행 세트 18","3100","생활용품","https://placehold.co/640x640/0f766e/ffffff?text=P197","","active","2026-05-19T09:00:00Z","false","Y","","일상에서 쓰기 좋은 생활 판촉물 샘플 18","생활용품;판촉;휴대용;선물","lifestyle;gift"
"P198","미니 접이식 우산 19","7300","우산","https://placehold.co/640x640/2563eb/ffffff?text=P198","","active","2026-05-19T09:00:00Z","false","Y","","판촉 행사와 기업 기념품에 쓰는 우산 샘플 19","우산;판촉;자동;접이식","umbrella;folding;color"
"P199","화이트 보틀 19","11900","텀블러","https://placehold.co/640x640/111827/ffffff?text=P199","","active","2026-05-19T09:00:00Z","false","Y","","보온 보냉이 가능한 사무실 텀블러 샘플 19","텀블러;스텐;보온;보틀","tumbler;stainless;bottle"
"P200","터치펜 겸용 볼펜 19","1900","볼펜","https://placehold.co/640x640/1d4ed8/ffffff?text=P200","","active","2026-05-19T09:00:00Z","false","Y","","로고 인쇄가 가능한 판촉용 필기구 샘플 19","볼펜;펜;판촉;기념품","pen;stationery"
"P201","답례품 타올 19","4000","타올","https://placehold.co/640x640/f8fafc/ffffff?text=P201","","active","2026-05-19T09:00:00Z","false","Y","","행사 답례와 기업 선물용 타올 샘플 19","수건;타월;답례품;생활용품","towel;gift"
"P202","인덱스 점착메모 19","2300","점착메모지","https://placehold.co/640x640/facc15/ffffff?text=P202","","active","2026-05-19T09:00:00Z","false","Y","","사무실 홍보와 방문 선물용 메모지 샘플 19","점착;메모지;사무용;판촉","sticky;memo;paper"
"P203","메탈 상패 19","36100","상패","https://placehold.co/640x640/dbeafe/ffffff?text=P203","","active","2026-05-19T09:00:00Z","false","Y","","시상식과 감사 행사에 쓰는 상패 샘플 19","상패;크리스탈;트로피;감사패","crystal;trophy;award"
"P204","미니 캘린더 19","2700","달력","https://placehold.co/640x640/f97316/ffffff?text=P204","","active","2026-05-19T09:00:00Z","false","Y","","기업 홍보용 맞춤 제작 달력 샘플 19","달력;캘린더;탁상;홍보","calendar;desk"
"P205","캔버스 파우치 19","4900","가방","https://placehold.co/640x640/84cc16/ffffff?text=P205","","active","2026-05-19T09:00:00Z","false","Y","","친환경 행사와 쇼핑용 가방 샘플 19","가방;에코백;파우치;친환경","bag;eco;pouch"
"P206","젤 손목 마우스패드 19","2000","마우스패드","https://placehold.co/640x640/7c3aed/ffffff?text=P206","","active","2026-05-19T09:00:00Z","false","Y","","로고 인쇄가 가능한 데스크 용품 샘플 19","마우스패드;장패드;사무용;인쇄","mousepad;desk"
"P207","다용도 파우치 19","3200","생활용품","https://placehold.co/640x640/0f766e/ffffff?text=P207","","active","2026-05-19T09:00:00Z","false","Y","","일상에서 쓰기 좋은 생활 판촉물 샘플 19","생활용품;판촉;휴대용;선물","lifestyle;gift"
"P208","컬러 3단 우산 20","7400","우산","https://placehold.co/640x640/2563eb/ffffff?text=P208","","active","2026-05-19T09:00:00Z","false","Y","","판촉 행사와 기업 기념품에 쓰는 우산 샘플 20","우산;판촉;자동;접이식","umbrella;folding;color"
"P209","손잡이 머그 텀블러 20","12000","텀블러","https://placehold.co/640x640/111827/ffffff?text=P209","","active","2026-05-19T09:00:00Z","false","Y","","보온 보냉이 가능한 사무실 텀블러 샘플 20","텀블러;스텐;보온;보틀","tumbler;stainless;bottle"
"P210","판촉용 컬러 볼펜 20","2000","볼펜","https://placehold.co/640x640/1d4ed8/ffffff?text=P210","","active","2026-05-19T09:00:00Z","false","Y","","로고 인쇄가 가능한 판촉용 필기구 샘플 20","볼펜;펜;판촉;기념품","pen;stationery"
"P211","스포츠 타월 20","4100","타올","https://placehold.co/640x640/f8fafc/ffffff?text=P211","","active","2026-05-19T09:00:00Z","false","Y","","행사 답례와 기업 선물용 타올 샘플 20","수건;타월;답례품;생활용품","towel;gift"
"P212","방문형 메모지 20","2400","점착메모지","https://placehold.co/640x640/facc15/ffffff?text=P212","","active","2026-05-19T09:00:00Z","false","Y","","사무실 홍보와 방문 선물용 메모지 샘플 20","점착;메모지;사무용;판촉","sticky;memo;paper"
"P213","기념패 20","36200","상패","https://placehold.co/640x640/dbeafe/ffffff?text=P213","","active","2026-05-19T09:00:00Z","false","Y","","시상식과 감사 행사에 쓰는 상패 샘플 20","상패;크리스탈;트로피;감사패","crystal;trophy;award"
"P214","스케줄 달력 20","2800","달력","https://placehold.co/640x640/f97316/ffffff?text=P214","","active","2026-05-19T09:00:00Z","false","Y","","기업 홍보용 맞춤 제작 달력 샘플 20","달력;캘린더;탁상;홍보","calendar;desk"
"P215","장바구니 가방 20","5000","가방","https://placehold.co/640x640/84cc16/ffffff?text=P215","","active","2026-05-19T09:00:00Z","false","Y","","친환경 행사와 쇼핑용 가방 샘플 20","가방;에코백;파우치;친환경","bag;eco;pouch"
"P216","인쇄 마우스패드 20","2100","마우스패드","https://placehold.co/640x640/7c3aed/ffffff?text=P216","","active","2026-05-19T09:00:00Z","false","Y","","로고 인쇄가 가능한 데스크 용품 샘플 20","마우스패드;장패드;사무용;인쇄","mousepad;desk"
"P217","미니 구급함 20","3300","생활용품","https://placehold.co/640x640/0f766e/ffffff?text=P217","","active","2026-05-19T09:00:00Z","false","Y","","일상에서 쓰기 좋은 생활 판촉물 샘플 20","생활용품;판촉;휴대용;선물","lifestyle;gift"
"P218","판촉 자동 우산 21","7500","우산","https://placehold.co/640x640/2563eb/ffffff?text=P218","","active","2026-05-19T09:00:00Z","false","Y","","판촉 행사와 기업 기념품에 쓰는 우산 샘플 21","우산;판촉;자동;접이식","umbrella;folding;color"
"P219","스텐 보온 텀블러 21","12100","텀블러","https://placehold.co/640x640/111827/ffffff?text=P219","","active","2026-05-19T09:00:00Z","false","Y","","보온 보냉이 가능한 사무실 텀블러 샘플 21","텀블러;스텐;보온;보틀","tumbler;stainless;bottle"
"P220","고급 볼펜 세트 21","2100","볼펜","https://placehold.co/640x640/1d4ed8/ffffff?text=P220","","active","2026-05-19T09:00:00Z","false","Y","","로고 인쇄가 가능한 판촉용 필기구 샘플 21","볼펜;펜;판촉;기념품","pen;stationery"
"P221","호텔 수건 세트 21","4200","타올","https://placehold.co/640x640/f8fafc/ffffff?text=P221","","active","2026-05-19T09:00:00Z","false","Y","","행사 답례와 기업 선물용 타올 샘플 21","수건;타월;답례품;생활용품","towel;gift"
"P222","점착 메모지 세트 21","2500","점착메모지","https://placehold.co/640x640/facc15/ffffff?text=P222","","active","2026-05-19T09:00:00Z","false","Y","","사무실 홍보와 방문 선물용 메모지 샘플 21","점착;메모지;사무용;판촉","sticky;memo;paper"
"P223","크리스탈 감사패 21","36300","상패","https://placehold.co/640x640/dbeafe/ffffff?text=P223","","active","2026-05-19T09:00:00Z","false","Y","","시상식과 감사 행사에 쓰는 상패 샘플 21","상패;크리스탈;트로피;감사패","crystal;trophy;award"
"P224","탁상 달력 21","2900","달력","https://placehold.co/640x640/f97316/ffffff?text=P224","","active","2026-05-19T09:00:00Z","false","Y","","기업 홍보용 맞춤 제작 달력 샘플 21","달력;캘린더;탁상;홍보","calendar;desk"
"P225","친환경 에코백 21","5100","가방","https://placehold.co/640x640/84cc16/ffffff?text=P225","","active","2026-05-19T09:00:00Z","false","Y","","친환경 행사와 쇼핑용 가방 샘플 21","가방;에코백;파우치;친환경","bag;eco;pouch"
"P226","사무용 마우스패드 21","2200","마우스패드","https://placehold.co/640x640/7c3aed/ffffff?text=P226","","active","2026-05-19T09:00:00Z","false","Y","","로고 인쇄가 가능한 데스크 용품 샘플 21","마우스패드;장패드;사무용;인쇄","mousepad;desk"
"P227","휴대용 손소독제 21","3400","생활용품","https://placehold.co/640x640/0f766e/ffffff?text=P227","","active","2026-05-19T09:00:00Z","false","Y","","일상에서 쓰기 좋은 생활 판촉물 샘플 21","생활용품;판촉;휴대용;선물","lifestyle;gift"
"P228","UV 차단 장우산 22","7600","우산","https://placehold.co/640x640/2563eb/ffffff?text=P228","","active","2026-05-19T09:00:00Z","false","Y","","판촉 행사와 기업 기념품에 쓰는 우산 샘플 22","우산;판촉;자동;접이식","umbrella;folding;color"
"P229","블랙 진공 텀블러 22","12200","텀블러","https://placehold.co/640x640/111827/ffffff?text=P229","","active","2026-05-19T09:00:00Z","false","Y","","보온 보냉이 가능한 사무실 텀블러 샘플 22","텀블러;스텐;보온;보틀","tumbler;stainless;bottle"
"P230","금속 볼펜 22","2200","볼펜","https://placehold.co/640x640/1d4ed8/ffffff?text=P230","","active","2026-05-19T09:00:00Z","false","Y","","로고 인쇄가 가능한 판촉용 필기구 샘플 22","볼펜;펜;판촉;기념품","pen;stationery"
"P231","코마사 타월 22","4300","타올","https://placehold.co/640x640/f8fafc/ffffff?text=P231","","active","2026-05-19T09:00:00Z","false","Y","","행사 답례와 기업 선물용 타올 샘플 22","수건;타월;답례품;생활용품","towel;gift"
"P232","큐브 메모지 22","2600","점착메모지","https://placehold.co/640x640/facc15/ffffff?text=P232","","active","2026-05-19T09:00:00Z","false","Y","","사무실 홍보와 방문 선물용 메모지 샘플 22","점착;메모지;사무용;판촉","sticky;memo;paper"
"P233","유리 트로피 22","36400","상패","https://placehold.co/640x640/dbeafe/ffffff?text=P233","","active","2026-05-19T09:00:00Z","false","Y","","시상식과 감사 행사에 쓰는 상패 샘플 22","상패;크리스탈;트로피;감사패","crystal;trophy;award"
"P234","벽걸이 캘린더 22","3000","달력","https://placehold.co/640x640/f97316/ffffff?text=P234","","active","2026-05-19T09:00:00Z","false","Y","","기업 홍보용 맞춤 제작 달력 샘플 22","달력;캘린더;탁상;홍보","calendar;desk"
"P235","부직포 쇼핑백 22","5200","가방","https://placehold.co/640x640/84cc16/ffffff?text=P235","","active","2026-05-19T09:00:00Z","false","Y","","친환경 행사와 쇼핑용 가방 샘플 22","가방;에코백;파우치;친환경","bag;eco;pouch"
"P236","장패드 22","2300","마우스패드","https://placehold.co/640x640/7c3aed/ffffff?text=P236","","active","2026-05-19T09:00:00Z","false","Y","","로고 인쇄가 가능한 데스크 용품 샘플 22","마우스패드;장패드;사무용;인쇄","mousepad;desk"
"P237","칫솔 여행 세트 22","3500","생활용품","https://placehold.co/640x640/0f766e/ffffff?text=P237","","active","2026-05-19T09:00:00Z","false","Y","","일상에서 쓰기 좋은 생활 판촉물 샘플 22","생활용품;판촉;휴대용;선물","lifestyle;gift"
"P238","미니 접이식 우산 23","7700","우산","https://placehold.co/640x640/2563eb/ffffff?text=P238","","active","2026-05-19T09:00:00Z","false","Y","","판촉 행사와 기업 기념품에 쓰는 우산 샘플 23","우산;판촉;자동;접이식","umbrella;folding;color"
"P239","화이트 보틀 23","12300","텀블러","https://placehold.co/640x640/111827/ffffff?text=P239","","active","2026-05-19T09:00:00Z","false","Y","","보온 보냉이 가능한 사무실 텀블러 샘플 23","텀블러;스텐;보온;보틀","tumbler;stainless;bottle"
"P240","터치펜 겸용 볼펜 23","2300","볼펜","https://placehold.co/640x640/1d4ed8/ffffff?text=P240","","active","2026-05-19T09:00:00Z","false","Y","","로고 인쇄가 가능한 판촉용 필기구 샘플 23","볼펜;펜;판촉;기념품","pen;stationery"
"P241","답례품 타올 23","4400","타올","https://placehold.co/640x640/f8fafc/ffffff?text=P241","","active","2026-05-19T09:00:00Z","false","Y","","행사 답례와 기업 선물용 타올 샘플 23","수건;타월;답례품;생활용품","towel;gift"
"P242","인덱스 점착메모 23","2700","점착메모지","https://placehold.co/640x640/facc15/ffffff?text=P242","","active","2026-05-19T09:00:00Z","false","Y","","사무실 홍보와 방문 선물용 메모지 샘플 23","점착;메모지;사무용;판촉","sticky;memo;paper"
"P243","메탈 상패 23","36500","상패","https://placehold.co/640x640/dbeafe/ffffff?text=P243","","active","2026-05-19T09:00:00Z","false","Y","","시상식과 감사 행사에 쓰는 상패 샘플 23","상패;크리스탈;트로피;감사패","crystal;trophy;award"
"P244","미니 캘린더 23","3100","달력","https://placehold.co/640x640/f97316/ffffff?text=P244","","active","2026-05-19T09:00:00Z","false","Y","","기업 홍보용 맞춤 제작 달력 샘플 23","달력;캘린더;탁상;홍보","calendar;desk"
"P245","캔버스 파우치 23","5300","가방","https://placehold.co/640x640/84cc16/ffffff?text=P245","","active","2026-05-19T09:00:00Z","false","Y","","친환경 행사와 쇼핑용 가방 샘플 23","가방;에코백;파우치;친환경","bag;eco;pouch"
"P246","젤 손목 마우스패드 23","2400","마우스패드","https://placehold.co/640x640/7c3aed/ffffff?text=P246","","active","2026-05-19T09:00:00Z","false","Y","","로고 인쇄가 가능한 데스크 용품 샘플 23","마우스패드;장패드;사무용;인쇄","mousepad;desk"
"P247","다용도 파우치 23","3600","생활용품","https://placehold.co/640x640/0f766e/ffffff?text=P247","","active","2026-05-19T09:00:00Z","false","Y","","일상에서 쓰기 좋은 생활 판촉물 샘플 23","생활용품;판촉;휴대용;선물","lifestyle;gift"
"P248","컬러 3단 우산 24","7800","우산","https://placehold.co/640x640/2563eb/ffffff?text=P248","","active","2026-05-19T09:00:00Z","false","Y","","판촉 행사와 기업 기념품에 쓰는 우산 샘플 24","우산;판촉;자동;접이식","umbrella;folding;color"
"P249","손잡이 머그 텀블러 24","12400","텀블러","https://placehold.co/640x640/111827/ffffff?text=P249","","active","2026-05-19T09:00:00Z","false","Y","","보온 보냉이 가능한 사무실 텀블러 샘플 24","텀블러;스텐;보온;보틀","tumbler;stainless;bottle"
"P250","판촉용 컬러 볼펜 24","2400","볼펜","https://placehold.co/640x640/1d4ed8/ffffff?text=P250","","active","2026-05-19T09:00:00Z","false","Y","","로고 인쇄가 가능한 판촉용 필기구 샘플 24","볼펜;펜;판촉;기념품","pen;stationery"
"P251","스포츠 타월 24","4500","타올","https://placehold.co/640x640/f8fafc/ffffff?text=P251","","active","2026-05-19T09:00:00Z","false","Y","","행사 답례와 기업 선물용 타올 샘플 24","수건;타월;답례품;생활용품","towel;gift"
"P252","방문형 메모지 24","2800","점착메모지","https://placehold.co/640x640/facc15/ffffff?text=P252","","active","2026-05-19T09:00:00Z","false","Y","","사무실 홍보와 방문 선물용 메모지 샘플 24","점착;메모지;사무용;판촉","sticky;memo;paper"
"P253","기념패 24","36600","상패","https://placehold.co/640x640/dbeafe/ffffff?text=P253","","active","2026-05-19T09:00:00Z","false","Y","","시상식과 감사 행사에 쓰는 상패 샘플 24","상패;크리스탈;트로피;감사패","crystal;trophy;award"
"P254","스케줄 달력 24","3200","달력","https://placehold.co/640x640/f97316/ffffff?text=P254","","active","2026-05-19T09:00:00Z","false","Y","","기업 홍보용 맞춤 제작 달력 샘플 24","달력;캘린더;탁상;홍보","calendar;desk"
"P255","장바구니 가방 24","5400","가방","https://placehold.co/640x640/84cc16/ffffff?text=P255","","active","2026-05-19T09:00:00Z","false","Y","","친환경 행사와 쇼핑용 가방 샘플 24","가방;에코백;파우치;친환경","bag;eco;pouch"
"P256","인쇄 마우스패드 24","2500","마우스패드","https://placehold.co/640x640/7c3aed/ffffff?text=P256","","active","2026-05-19T09:00:00Z","false","Y","","로고 인쇄가 가능한 데스크 용품 샘플 24","마우스패드;장패드;사무용;인쇄","mousepad;desk"
"P257","미니 구급함 24","3700","생활용품","https://placehold.co/640x640/0f766e/ffffff?text=P257","","active","2026-05-19T09:00:00Z","false","Y","","일상에서 쓰기 좋은 생활 판촉물 샘플 24","생활용품;판촉;휴대용;선물","lifestyle;gift"
"P258","판촉 자동 우산 25","7900","우산","https://placehold.co/640x640/2563eb/ffffff?text=P258","","active","2026-05-19T09:00:00Z","false","Y","","판촉 행사와 기업 기념품에 쓰는 우산 샘플 25","우산;판촉;자동;접이식","umbrella;folding;color"
"P259","스텐 보온 텀블러 25","12500","텀블러","https://placehold.co/640x640/111827/ffffff?text=P259","","active","2026-05-19T09:00:00Z","false","Y","","보온 보냉이 가능한 사무실 텀블러 샘플 25","텀블러;스텐;보온;보틀","tumbler;stainless;bottle"
"P260","고급 볼펜 세트 25","2500","볼펜","https://placehold.co/640x640/1d4ed8/ffffff?text=P260","","active","2026-05-19T09:00:00Z","false","Y","","로고 인쇄가 가능한 판촉용 필기구 샘플 25","볼펜;펜;판촉;기념품","pen;stationery"
"P261","호텔 수건 세트 25","4600","타올","https://placehold.co/640x640/f8fafc/ffffff?text=P261","","active","2026-05-19T09:00:00Z","false","Y","","행사 답례와 기업 선물용 타올 샘플 25","수건;타월;답례품;생활용품","towel;gift"
"P262","점착 메모지 세트 25","2900","점착메모지","https://placehold.co/640x640/facc15/ffffff?text=P262","","active","2026-05-19T09:00:00Z","false","Y","","사무실 홍보와 방문 선물용 메모지 샘플 25","점착;메모지;사무용;판촉","sticky;memo;paper"
"P263","크리스탈 감사패 25","36700","상패","https://placehold.co/640x640/dbeafe/ffffff?text=P263","","active","2026-05-19T09:00:00Z","false","Y","","시상식과 감사 행사에 쓰는 상패 샘플 25","상패;크리스탈;트로피;감사패","crystal;trophy;award"
"P264","탁상 달력 25","3300","달력","https://placehold.co/640x640/f97316/ffffff?text=P264","","active","2026-05-19T09:00:00Z","false","Y","","기업 홍보용 맞춤 제작 달력 샘플 25","달력;캘린더;탁상;홍보","calendar;desk"
"P265","친환경 에코백 25","5500","가방","https://placehold.co/640x640/84cc16/ffffff?text=P265","","active","2026-05-19T09:00:00Z","false","Y","","친환경 행사와 쇼핑용 가방 샘플 25","가방;에코백;파우치;친환경","bag;eco;pouch"
"P266","사무용 마우스패드 25","2600","마우스패드","https://placehold.co/640x640/7c3aed/ffffff?text=P266","","active","2026-05-19T09:00:00Z","false","Y","","로고 인쇄가 가능한 데스크 용품 샘플 25","마우스패드;장패드;사무용;인쇄","mousepad;desk"
"P267","휴대용 손소독제 25","3800","생활용품","https://placehold.co/640x640/0f766e/ffffff?text=P267","","active","2026-05-19T09:00:00Z","false","Y","","일상에서 쓰기 좋은 생활 판촉물 샘플 25","생활용품;판촉;휴대용;선물","lifestyle;gift"
"P268","UV 차단 장우산 26","8000","우산","https://placehold.co/640x640/2563eb/ffffff?text=P268","","active","2026-05-19T09:00:00Z","false","Y","","판촉 행사와 기업 기념품에 쓰는 우산 샘플 26","우산;판촉;자동;접이식","umbrella;folding;color"
"P269","블랙 진공 텀블러 26","12600","텀블러","https://placehold.co/640x640/111827/ffffff?text=P269","","active","2026-05-19T09:00:00Z","false","Y","","보온 보냉이 가능한 사무실 텀블러 샘플 26","텀블러;스텐;보온;보틀","tumbler;stainless;bottle"
"P270","금속 볼펜 26","2600","볼펜","https://placehold.co/640x640/1d4ed8/ffffff?text=P270","","active","2026-05-19T09:00:00Z","false","Y","","로고 인쇄가 가능한 판촉용 필기구 샘플 26","볼펜;펜;판촉;기념품","pen;stationery"
"P271","코마사 타월 26","4700","타올","https://placehold.co/640x640/f8fafc/ffffff?text=P271","","active","2026-05-19T09:00:00Z","false","Y","","행사 답례와 기업 선물용 타올 샘플 26","수건;타월;답례품;생활용품","towel;gift"
"P272","큐브 메모지 26","3000","점착메모지","https://placehold.co/640x640/facc15/ffffff?text=P272","","active","2026-05-19T09:00:00Z","false","Y","","사무실 홍보와 방문 선물용 메모지 샘플 26","점착;메모지;사무용;판촉","sticky;memo;paper"
"P273","유리 트로피 26","36800","상패","https://placehold.co/640x640/dbeafe/ffffff?text=P273","","active","2026-05-19T09:00:00Z","false","Y","","시상식과 감사 행사에 쓰는 상패 샘플 26","상패;크리스탈;트로피;감사패","crystal;trophy;award"
"P274","벽걸이 캘린더 26","3400","달력","https://placehold.co/640x640/f97316/ffffff?text=P274","","active","2026-05-19T09:00:00Z","false","Y","","기업 홍보용 맞춤 제작 달력 샘플 26","달력;캘린더;탁상;홍보","calendar;desk"
"P275","부직포 쇼핑백 26","5600","가방","https://placehold.co/640x640/84cc16/ffffff?text=P275","","active","2026-05-19T09:00:00Z","false","Y","","친환경 행사와 쇼핑용 가방 샘플 26","가방;에코백;파우치;친환경","bag;eco;pouch"
"P276","장패드 26","2700","마우스패드","https://placehold.co/640x640/7c3aed/ffffff?text=P276","","active","2026-05-19T09:00:00Z","false","Y","","로고 인쇄가 가능한 데스크 용품 샘플 26","마우스패드;장패드;사무용;인쇄","mousepad;desk"
"P277","칫솔 여행 세트 26","3900","생활용품","https://placehold.co/640x640/0f766e/ffffff?text=P277","","active","2026-05-19T09:00:00Z","false","Y","","일상에서 쓰기 좋은 생활 판촉물 샘플 26","생활용품;판촉;휴대용;선물","lifestyle;gift"
"P278","미니 접이식 우산 27","7200","우산","https://placehold.co/640x640/2563eb/ffffff?text=P278","","active","2026-05-19T09:00:00Z","false","Y","","판촉 행사와 기업 기념품에 쓰는 우산 샘플 27","우산;판촉;자동;접이식","umbrella;folding;color"
"P279","화이트 보틀 27","11800","텀블러","https://placehold.co/640x640/111827/ffffff?text=P279","","active","2026-05-19T09:00:00Z","false","Y","","보온 보냉이 가능한 사무실 텀블러 샘플 27","텀블러;스텐;보온;보틀","tumbler;stainless;bottle"
"P280","터치펜 겸용 볼펜 27","1800","볼펜","https://placehold.co/640x640/1d4ed8/ffffff?text=P280","","active","2026-05-19T09:00:00Z","false","Y","","로고 인쇄가 가능한 판촉용 필기구 샘플 27","볼펜;펜;판촉;기념품","pen;stationery"
"P281","답례품 타올 27","3900","타올","https://placehold.co/640x640/f8fafc/ffffff?text=P281","","active","2026-05-19T09:00:00Z","false","Y","","행사 답례와 기업 선물용 타올 샘플 27","수건;타월;답례품;생활용품","towel;gift"
"P282","인덱스 점착메모 27","2200","점착메모지","https://placehold.co/640x640/facc15/ffffff?text=P282","","active","2026-05-19T09:00:00Z","false","Y","","사무실 홍보와 방문 선물용 메모지 샘플 27","점착;메모지;사무용;판촉","sticky;memo;paper"
"P283","메탈 상패 27","36000","상패","https://placehold.co/640x640/dbeafe/ffffff?text=P283","","active","2026-05-19T09:00:00Z","false","Y","","시상식과 감사 행사에 쓰는 상패 샘플 27","상패;크리스탈;트로피;감사패","crystal;trophy;award"
"P284","미니 캘린더 27","2600","달력","https://placehold.co/640x640/f97316/ffffff?text=P284","","active","2026-05-19T09:00:00Z","false","Y","","기업 홍보용 맞춤 제작 달력 샘플 27","달력;캘린더;탁상;홍보","calendar;desk"
"P285","캔버스 파우치 27","4800","가방","https://placehold.co/640x640/84cc16/ffffff?text=P285","","active","2026-05-19T09:00:00Z","false","Y","","친환경 행사와 쇼핑용 가방 샘플 27","가방;에코백;파우치;친환경","bag;eco;pouch"
"P286","젤 손목 마우스패드 27","1900","마우스패드","https://placehold.co/640x640/7c3aed/ffffff?text=P286","","active","2026-05-19T09:00:00Z","false","Y","","로고 인쇄가 가능한 데스크 용품 샘플 27","마우스패드;장패드;사무용;인쇄","mousepad;desk"
"P287","다용도 파우치 27","3100","생활용품","https://placehold.co/640x640/0f766e/ffffff?text=P287","","active","2026-05-19T09:00:00Z","false","Y","","일상에서 쓰기 좋은 생활 판촉물 샘플 27","생활용품;판촉;휴대용;선물","lifestyle;gift"
"P288","컬러 3단 우산 28","7300","우산","https://placehold.co/640x640/2563eb/ffffff?text=P288","","active","2026-05-19T09:00:00Z","false","Y","","판촉 행사와 기업 기념품에 쓰는 우산 샘플 28","우산;판촉;자동;접이식","umbrella;folding;color"
"P289","손잡이 머그 텀블러 28","11900","텀블러","https://placehold.co/640x640/111827/ffffff?text=P289","","active","2026-05-19T09:00:00Z","false","Y","","보온 보냉이 가능한 사무실 텀블러 샘플 28","텀블러;스텐;보온;보틀","tumbler;stainless;bottle"
"P290","판촉용 컬러 볼펜 28","1900","볼펜","https://placehold.co/640x640/1d4ed8/ffffff?text=P290","","active","2026-05-19T09:00:00Z","false","Y","","로고 인쇄가 가능한 판촉용 필기구 샘플 28","볼펜;펜;판촉;기념품","pen;stationery"
"P291","스포츠 타월 28","4000","타올","https://placehold.co/640x640/f8fafc/ffffff?text=P291","","active","2026-05-19T09:00:00Z","false","Y","","행사 답례와 기업 선물용 타올 샘플 28","수건;타월;답례품;생활용품","towel;gift"
"P292","방문형 메모지 28","2300","점착메모지","https://placehold.co/640x640/facc15/ffffff?text=P292","","active","2026-05-19T09:00:00Z","false","Y","","사무실 홍보와 방문 선물용 메모지 샘플 28","점착;메모지;사무용;판촉","sticky;memo;paper"
"P293","기념패 28","36100","상패","https://placehold.co/640x640/dbeafe/ffffff?text=P293","","active","2026-05-19T09:00:00Z","false","Y","","시상식과 감사 행사에 쓰는 상패 샘플 28","상패;크리스탈;트로피;감사패","crystal;trophy;award"
"P294","스케줄 달력 28","2700","달력","https://placehold.co/640x640/f97316/ffffff?text=P294","","active","2026-05-19T09:00:00Z","false","Y","","기업 홍보용 맞춤 제작 달력 샘플 28","달력;캘린더;탁상;홍보","calendar;desk"
"P295","장바구니 가방 28","4900","가방","https://placehold.co/640x640/84cc16/ffffff?text=P295","","active","2026-05-19T09:00:00Z","false","Y","","친환경 행사와 쇼핑용 가방 샘플 28","가방;에코백;파우치;친환경","bag;eco;pouch"
"P296","인쇄 마우스패드 28","2000","마우스패드","https://placehold.co/640x640/7c3aed/ffffff?text=P296","","active","2026-05-19T09:00:00Z","false","Y","","로고 인쇄가 가능한 데스크 용품 샘플 28","마우스패드;장패드;사무용;인쇄","mousepad;desk"
"P297","미니 구급함 28","3200","생활용품","https://placehold.co/640x640/0f766e/ffffff?text=P297","","active","2026-05-19T09:00:00Z","false","Y","","일상에서 쓰기 좋은 생활 판촉물 샘플 28","생활용품;판촉;휴대용;선물","lifestyle;gift"
"P298","판촉 자동 우산 29","7400","우산","https://placehold.co/640x640/2563eb/ffffff?text=P298","","active","2026-05-19T09:00:00Z","false","Y","","판촉 행사와 기업 기념품에 쓰는 우산 샘플 29","우산;판촉;자동;접이식","umbrella;folding;color"
"P299","스텐 보온 텀블러 29","12000","텀블러","https://placehold.co/640x640/111827/ffffff?text=P299","","active","2026-05-19T09:00:00Z","false","Y","","보온 보냉이 가능한 사무실 텀블러 샘플 29","텀블러;스텐;보온;보틀","tumbler;stainless;bottle"
"P300","고급 볼펜 세트 29","2000","볼펜","https://placehold.co/640x640/1d4ed8/ffffff?text=P300","","active","2026-05-19T09:00:00Z","false","Y","","로고 인쇄가 가능한 판촉용 필기구 샘플 29","볼펜;펜;판촉;기념품","pen;stationery"
"P301","호텔 수건 세트 29","4100","타올","https://placehold.co/640x640/f8fafc/ffffff?text=P301","","active","2026-05-19T09:00:00Z","false","Y","","행사 답례와 기업 선물용 타올 샘플 29","수건;타월;답례품;생활용품","towel;gift"
"P302","점착 메모지 세트 29","2400","점착메모지","https://placehold.co/640x640/facc15/ffffff?text=P302","","active","2026-05-19T09:00:00Z","false","Y","","사무실 홍보와 방문 선물용 메모지 샘플 29","점착;메모지;사무용;판촉","sticky;memo;paper"
"P303","크리스탈 감사패 29","36200","상패","https://placehold.co/640x640/dbeafe/ffffff?text=P303","","active","2026-05-19T09:00:00Z","false","Y","","시상식과 감사 행사에 쓰는 상패 샘플 29","상패;크리스탈;트로피;감사패","crystal;trophy;award"
"P304","탁상 달력 29","2800","달력","https://placehold.co/640x640/f97316/ffffff?text=P304","","active","2026-05-19T09:00:00Z","false","Y","","기업 홍보용 맞춤 제작 달력 샘플 29","달력;캘린더;탁상;홍보","calendar;desk"
"P305","친환경 에코백 29","5000","가방","https://placehold.co/640x640/84cc16/ffffff?text=P305","","active","2026-05-19T09:00:00Z","false","Y","","친환경 행사와 쇼핑용 가방 샘플 29","가방;에코백;파우치;친환경","bag;eco;pouch"
"P306","사무용 마우스패드 29","2100","마우스패드","https://placehold.co/640x640/7c3aed/ffffff?text=P306","","active","2026-05-19T09:00:00Z","false","Y","","로고 인쇄가 가능한 데스크 용품 샘플 29","마우스패드;장패드;사무용;인쇄","mousepad;desk"
"P307","휴대용 손소독제 29","3300","생활용품","https://placehold.co/640x640/0f766e/ffffff?text=P307","","active","2026-05-19T09:00:00Z","false","Y","","일상에서 쓰기 좋은 생활 판촉물 샘플 29","생활용품;판촉;휴대용;선물","lifestyle;gift"
"P308","UV 차단 장우산 30","7500","우산","https://placehold.co/640x640/2563eb/ffffff?text=P308","","active","2026-05-19T09:00:00Z","false","Y","","판촉 행사와 기업 기념품에 쓰는 우산 샘플 30","우산;판촉;자동;접이식","umbrella;folding;color"
"P309","블랙 진공 텀블러 30","12100","텀블러","https://placehold.co/640x640/111827/ffffff?text=P309","","active","2026-05-19T09:00:00Z","false","Y","","보온 보냉이 가능한 사무실 텀블러 샘플 30","텀블러;스텐;보온;보틀","tumbler;stainless;bottle"
"P310","금속 볼펜 30","2100","볼펜","https://placehold.co/640x640/1d4ed8/ffffff?text=P310","","active","2026-05-19T09:00:00Z","false","Y","","로고 인쇄가 가능한 판촉용 필기구 샘플 30","볼펜;펜;판촉;기념품","pen;stationery"
"P311","코마사 타월 30","4200","타올","https://placehold.co/640x640/f8fafc/ffffff?text=P311","","active","2026-05-19T09:00:00Z","false","Y","","행사 답례와 기업 선물용 타올 샘플 30","수건;타월;답례품;생활용품","towel;gift"
"P312","큐브 메모지 30","2500","점착메모지","https://placehold.co/640x640/facc15/ffffff?text=P312","","active","2026-05-19T09:00:00Z","false","Y","","사무실 홍보와 방문 선물용 메모지 샘플 30","점착;메모지;사무용;판촉","sticky;memo;paper"
"P313","유리 트로피 30","36300","상패","https://placehold.co/640x640/dbeafe/ffffff?text=P313","","active","2026-05-19T09:00:00Z","false","Y","","시상식과 감사 행사에 쓰는 상패 샘플 30","상패;크리스탈;트로피;감사패","crystal;trophy;award"
"P314","벽걸이 캘린더 30","2900","달력","https://placehold.co/640x640/f97316/ffffff?text=P314","","active","2026-05-19T09:00:00Z","false","Y","","기업 홍보용 맞춤 제작 달력 샘플 30","달력;캘린더;탁상;홍보","calendar;desk"
"P315","부직포 쇼핑백 30","5100","가방","https://placehold.co/640x640/84cc16/ffffff?text=P315","","active","2026-05-19T09:00:00Z","false","Y","","친환경 행사와 쇼핑용 가방 샘플 30","가방;에코백;파우치;친환경","bag;eco;pouch"
"P316","장패드 30","2200","마우스패드","https://placehold.co/640x640/7c3aed/ffffff?text=P316","","active","2026-05-19T09:00:00Z","false","Y","","로고 인쇄가 가능한 데스크 용품 샘플 30","마우스패드;장패드;사무용;인쇄","mousepad;desk"
"P317","칫솔 여행 세트 30","3400","생활용품","https://placehold.co/640x640/0f766e/ffffff?text=P317","","active","2026-05-19T09:00:00Z","false","Y","","일상에서 쓰기 좋은 생활 판촉물 샘플 30","생활용품;판촉;휴대용;선물","lifestyle;gift"
"P318","미니 접이식 우산 31","7600","우산","https://placehold.co/640x640/2563eb/ffffff?text=P318","","active","2026-05-19T09:00:00Z","false","Y","","판촉 행사와 기업 기념품에 쓰는 우산 샘플 31","우산;판촉;자동;접이식","umbrella;folding;color"
"P319","화이트 보틀 31","12200","텀블러","https://placehold.co/640x640/111827/ffffff?text=P319","","active","2026-05-19T09:00:00Z","false","Y","","보온 보냉이 가능한 사무실 텀블러 샘플 31","텀블러;스텐;보온;보틀","tumbler;stainless;bottle"
"P320","터치펜 겸용 볼펜 31","2200","볼펜","https://placehold.co/640x640/1d4ed8/ffffff?text=P320","","active","2026-05-19T09:00:00Z","false","Y","","로고 인쇄가 가능한 판촉용 필기구 샘플 31","볼펜;펜;판촉;기념품","pen;stationery"
